Model,Accuracy,Precision,Recall,F1
LogisticRegression,0.9529411764705882,1.0,0.6470588235294118,0.7857142857142857
SVM,0.9856209150326798,1.0,0.8921568627450981,0.9430051813471503
